,source_id,source_name,author,title,description,url,urlToImage,publishedAt,content
0,,Yahoo Entertainment,Steve Dent,China’s DeepSeek AI assistant becomes top free iPhone app as US tech stocks take a hit,"Chinese AI assistant DeepSeek has become the top rated free app on Apple's App Store in the US and elsewhere, beating out ChatGPT and other rivals. It's powered by the open-source DeepSeek V3 model, which reportedly requires far less computing power than comp…",https://consent.yahoo.com/v2/collectConsent?sessionId=1_cc-session_77718621-45d9-4bdb-8512-cebc2edfb974,,2025-01-27 13:44:45+00:00,"If you click 'Accept all', we and our partners, including 239 who are part of the IAB Transparency &amp; Consent Framework, will also store and/or access information on a device (in other words, use … [+703 chars]"
1,,BBC News,,Is China's AI tool DeepSeek as good as it seems?,The artificial intelligence (AI) tool has shocked US markets after bursting onto the scene.,https://www.bbc.com/news/articles/cx2jxvn0r51o,https://ichef.bbci.co.uk/news/1024/branded_news/f331/live/2b4d01b0-dcd0-11ef-a37f-eba91255dc3d.jpg,2025-01-27 20:11:50+00:00,"DeepSeek, a Chinese AI-chatbot app which launched last week, has sparked chaos in the US markets and raised questions about the future of America's AI dominance. The BBC takes a look at how the app w… [+3590 chars]"
2,,Gizmodo.com,Lucas Ropek,DeepSeek Releases Open-Source AI Image Generator as American Stocks Continue to Crater,Silicon Valley's Chinese competitor has released another free AI model.,https://gizmodo.com/deepseek-releases-open-source-ai-image-generator-as-american-stocks-continue-to-crater-2000555311,https://gizmodo.com/app/uploads/2025/01/DeepSeek-iPhone-App.jpg,2025-01-27 21:40:47+00:00,"DeepSeek, the Chinese startup that has managed to make a mockery of Silicon Valley’s capital-bloated AI oligarchy, has done it again. On Monday morning, the company announced the release of yet anoth… [+2751 chars]"
3,,Android Central,bradypsnyder@gmail.com (Brady Snyder),Data Protection Day is a great day to stop using DeepSeek,"DeepSeek's new AI models have taken the world by storm. But on Data Protection Day, it's a good reminder to know what you're getting into before using a new service.",https://www.androidcentral.com/apps-software/data-protection-day-is-a-great-day-to-stop-using-deepseek,https://cdn.mos.cms.futurecdn.net/NYR57UzpFC38BEPCRN3664-1200-80.jpg,2025-01-28 17:41:36+00:00,"Data Protection Day is today, Jan. 28, 2025, and it's a world event intended to help people remember to follow the best practices for data privacy and security. It's only a coincidence that DeepSeek,… [+5613 chars]"
4,,Android Central,harish.jonnalagadda@futurenet.com (Harish Jonnalagadda),DeepSeek already had a $1 trillion impact — and it's just getting started,DeepSeek is showing the world that the latest AI innovations can be used by everyone.,https://www.androidcentral.com/apps-software/deepseek-already-had-a-usd1-trillion-impact-and-its-just-getting-started,https://cdn.mos.cms.futurecdn.net/ceAoG3XT8se7J2XpBifvz3-1200-80.jpg,2025-01-28 15:36:09+00:00,"The tech world is collectively losing its mind over DeepSeek, and for good reason. The Chinese startup burst into the limelight back in December after debuting the R1, a model that uses self-checking… [+3692 chars]"
5,,Android Central,techkritiko@gmail.com (Jay Bonggolto),DeepSeek AI is crushing the competition and triggering an AI stock bloodbath,"China's DeepSeek is leaving Big Tech in the dust, nailing technical tasks while keeping costs way lower.",https://www.androidcentral.com/apps-software/deepseek-ai-is-crushing-the-competition-and-triggering-an-ai-stock-bloodbath,https://cdn.mos.cms.futurecdn.net/Qp68TBCXdkbxwUXJZKvSET-1200-80.jpg,2025-01-28 14:11:14+00:00,"What you need to know
<ul><li>DeepSeek, a Chinese AI startup, is shaking up the tech world by outperforming Big Tech’s models with fewer resources and lower costs.</li><li>Its latest AI launch cause… [+2358 chars]"
6,business-insider,Business Insider,Jyoti Mann,DeepSeek just dropped an update AI model called Janus Pro. It says the image generator is better than OpenAI's DALL-E.,DeepSeek says its updated text-to-image generator Janus pro-7B outperforms OpenAI's DALL-E 3  across multiple benchmarks.,https://www.businessinsider.com/deepseek-janus-pro-7b-ai-model-openai-dall-e3-2025-1,https://i.insider.com/6797c5d0eb4be2fff9a23df6?width=1200&format=jpeg,2025-01-27 18:13:18+00:00,"DeepSeek's AI app topped Apple's free apps rankingGetty Images/picture alliance/dpa/
<ul><li>DeepSeek releases updated AI model Janus-Pro, outperforming rivals in benchmarks.</li><li>The latest vers… [+1228 chars]"
7,business-insider,Business Insider,"Katherine Li,Katherine Tangalakis-Lippert,Kelsey Vlamis",Trump says DeepSeek should be a 'wake-up call' for tech giants,"President Donald Trump said the rise of Chinese AI app DeepSeek is a ""positive"" development.",https://www.businessinsider.com/trump-deepseek-wakeup-call-ai-tech-giants-2025-1,https://i.insider.com/67982c6a196626c40985391a?width=1200&format=jpeg,2025-01-28 01:26:02+00:00,"U.S. President Donald Trump speaks at a House Republican members conference meeting in MiamiElizabeth Frantz/REUTERS
<ul><li>President Donald Trump addressed the rise of DeepSeek, a Chinese AI app, … [+3099 chars]"
8,business-insider,Business Insider,"Steven Tweedie,Ana Altchek","DeepSeek temporarily limits new registrations to only China phone numbers, citing 'large-scale malicious attacks'","The Chinese AI company DeepSeek cited recent ""large-scale malicious attacks"" for the temporary registration limits.",https://www.businessinsider.com/deepseek-issues-account-registration-limited-china-phone-numbers-malicious-attack-2025-1,https://i.insider.com/6797b1e2eb4be2fff9a2388d?width=1200&format=jpeg,2025-01-27 16:20:14+00:00,"DeepSeek limited who could sign up for its service as the popular Chinese AI app encountered issues on Monday morning.
The app, which is currently the top free app on Apple's App Store, said that on… [+1055 chars]"
9,business-insider,Business Insider,pthompson@insider.com (Polly Thompson),Nvidia tumbles and tech stocks slide premarket as China's DeepSeek spooks AI investors,DeepSeek topped the Apple AppStore chart and sparked fears the Chinese company is quickly catching up with OpenAI's ChatGPT while costing far less.,https://markets.businessinsider.com/news/stocks/nvidia-tech-stocks-deepseek-ai-race-nasdaq-2025-1,https://i.insider.com/6797599f7bb3f854015a6e01?width=1200&format=jpeg,2025-01-27 10:51:59+00:00,"Global tech stocks took a battering on Monday after an unexpected launch by Chinese artificial intelligence startup DeepSeek spooked AI investors.
In the US, Nasdaq 100 futures were down 3.3%, and c… [+1438 chars]"
10,,CNET,Imad Khan,"DeepSeek Turned the AI World on Its Head, but Don't Fall For The Hype Just Yet","DeepSeek AI is a new open source AI model out of China that claims to be outperforming OpenAI, Google and Meta.",https://www.cnet.com/tech/services-and-software/deepseek-turned-the-ai-world-on-its-head-but-dont-fall-for-the-hype-just-yet/,https://www.cnet.com/a/img/resize/b6bf785456ae08e8613ee03a4ef88ed0320708f6/hub/2025/01/28/1857aa7b-11c6-4310-9231-3dabb39d16df/deepseek-ai-deep-seek-app-8685.jpg?auto=webp&fit=crop&height=675&width=1200,2025-01-28 19:44:10+00:00,"AI just had its Sputnik moment. 
Entrepreneur Marc Andreessen made that bold claim on X, the social media platform formerly known as Twitter, this past Sunday. Silicon Valley, along with the stock m… [+7043 chars]"
11,business-insider,Business Insider,"Kelsey Vlamis,Katherine Tangalakis-Lippert",How the US may have unintentionally helped create an AI monster in China,The US tried to limit China's AI advancements with chip restrictions. It may have fueled the innovation behind DeepSeek instead.,https://www.businessinsider.com/china-deepseek-chip-restrictions-exports-imports-2025-1,https://i.insider.com/67983dd37bb3f854015a96f5?width=1200&format=jpeg,2025-01-28 03:56:53+00:00,"DeepSeek's powerful AI models came despite US sanctions that limited semiconductor accessibility in China.Illustration by Justin Sullivan/Getty Images
<ul><li>The US tried to limit China's AI advanc… [+4447 chars]"
12,business-insider,Business Insider,Tom Carter,"DeepSeek vs. ChatGPT: I tried the hot new AI model. It was impressive, but there were some things it wouldn't talk about.",This is how DeepSeek compares to ChatGPT as China disrupts the AI arms race and sends markets into turmoil.,https://www.businessinsider.com/deepseek-vs-chatgpt-ai-chatbot-comparison-openai-2025-1,https://i.insider.com/6797ec867bb3f854015a8610?width=1200&format=jpeg,2025-01-27 21:01:02+00:00,"DeepSeek's new AI model has raced to the top of Apple's App Store and stunned the tech industry.Anadolu/ Getty Images
<ul><li>DeepSeek, an AI lab from China, is the latest challenger to the likes of… [+5057 chars]"
13,business-insider,Business Insider,Alistair Barr,Chinese AI lab DeepSeek massively undercuts OpenAI on pricing,"DeepSeek challenges OpenAI with drastically cheaper models, prompting discussions on the viability of proprietary versus open-source AI efforts.",https://www.businessinsider.com/chinese-ai-lab-deepseek-massively-undercuts-openai-on-pricing-2025-1,https://i.insider.com/6797168feb4be2fff9a22f05?width=1200&format=jpeg,2025-01-27 07:01:36+00:00,"DeepSeek's pricing is much lower than that of OpenAI.VCG/VCG via Getty Images
<ul><li>DeepSeek has rolled out AI models that are a lot cheaper than OpenAI's offerings.</li><li>AI models are mostly t… [+2538 chars]"
14,business-insider,Business Insider,hchowdhury@insider.com (Hasan Chowdhury),Intel's former CEO says the market is getting DeepSeek wrong after AI chip stock rout,"The retired chip CEO claimed ""the markets are getting it wrong"" on Monday after investors triggered a sell-off in response to China's DeepSeek.",https://www.businessinsider.com/intel-pat-gelsinger-deepseek-market-wrong-nvidia-2025-1,https://i.insider.com/6797c86f7bb3f854015a7c73?width=1200&format=jpeg,2025-01-27 18:38:48+00:00,"Former Intel CEO Pat Gelsigner has said that ""the markets are getting it wrong"" after investors drove a panic sell-off in top AI stocks in response to concerns that DeepSeek would weaken demand for a… [+2172 chars]"
15,,NPR,Maria Aspan,U.S. stock markets tumble as investors worry about DeepSeek,The Chinese A.I. company may be about to burst Silicon Valley's bubble.,https://www.npr.org/2025/01/27/nx-s1-5276097/wall-street-stock-markets-tumble-deepseek-ai-tech-stock,https://npr.brightspotcdn.com/dims3/default/strip/false/crop/5337x3002+0+118/resize/1400/quality/100/format/jpeg/?url=http%3A%2F%2Fnpr-brightspot.s3.amazonaws.com%2F4a%2F14%2F18db4dcf4238b62006883cfe8121%2Fgettyimages-2195596223.jpg,2025-01-27 16:43:15+00:00,"China may be about to burst Silicon Valley's A.I. bubble
 and Wall Street is freaking out.
U.S. tech stocks plunged on Monday, amid a wider market selloff. The culprit: DeepSeek, a Chinese artifici… [+1252 chars]"
16,business-insider,Business Insider,"Emma Cosgrove,Pranav Dixit,Jyoti Mann,Hugh Langley",The tech industry is in a frenzy over DeepSeek. Here's who could win and lose from China's big AI win.,DeepSeek's ability to build powerful models more efficiently has put a giant question mark over the US tech industry's approach to AI,https://www.businessinsider.com/silicon-valley-reacts-deepseek-chinese-ai-upending-tech-2025-1,https://i.insider.com/679805b07bb3f854015a9450?width=1200&format=jpeg,2025-01-28 00:52:46+00:00,"DeepSeek, a Chinese company with AI models that compete with OpenAI's at a fraction of the cost, is generating almost as many takes as tokens.
Across Silicon Valley, executives, investors, and emplo… [+9563 chars]"
17,the-verge,The Verge,Richard Lawler,Trump says he’ll put tariffs on imported chips ‘in the near future’,"Donald Trump said tariffs on foreign computer chips are coming soon, and said he views’ DeepSeek’s cheaper AI models potentially as a positive.",https://www.theverge.com/2025/1/27/24353388/trump-tariffs-chips-act-ai-deepseek,https://cdn.vox-cdn.com/thumbor/-1KPbDGO21RXkuP_R5neTea9IIY=/0x0:2040x1360/1200x628/filters:focal(1020x680:1021x681)/cdn.vox-cdn.com/uploads/chorus_asset/file/25762139/STKS488_TARIFFS_CVirginia_D.jpg,2025-01-28 01:38:53+00:00,"Trump says hell put tariffs on imported chips in the near future
Trump says hell put tariffs on imported chips in the near future
 / Calling Bidens CHIPS Act incentives ridiculous, he claimed compa… [+2011 chars]"
18,business-insider,Business Insider,Sarah Jackson,"Meet Liang Wenfeng, the hedge fund manager behind Chinese AI startup DeepSeek","Liang Wenfeng is the founder of DeepSeek, the Chinese AI startup potentially upending the industry. Here's everything to know about the hedge funder.",https://www.businessinsider.com/who-is-deepseek-founder-liang-wenfeng,https://i.insider.com/6797eb627bb3f854015a85af?width=1200&format=jpeg,2025-01-27 21:19:30+00:00,"The explosive launch of DeepSeek's R1 AI model has sparked a sell-off of US tech stocks.Justin Sullivan/Getty Images
<ul><li>If you follow AI news, you've probably heard of DeepSeek.</li><li>The Chi… [+3601 chars]"
19,,Hipertextual,Luis Miranda,"¿Mejor que DeepSeek? Alibaba presenta Qwen2.5-Max, su poderosa IA","DeepSeek está robándose la atención de todos los entusiastas de la inteligencia artificial. El nuevo modelo desarrollado en China ha dejado en ridículo a competidores como OpenAI o Google y se perfila como un nuevo titán en la industria. Curiosamente, la empr…",http://hipertextual.com/2025/01/deepseek-alibaba-qwen2-5-max-poderosa-ia-china,https://i0.wp.com/imgs.hipertextual.com/wp-content/uploads/2025/01/qwen-25-max-deepseek.jpg?fit=1900%2C1069&quality=70&strip=all&ssl=1,2025-01-28 20:02:00+00:00,DeepSeek está robándose la atención de todos los entusiastas de la inteligencia artificial. El nuevo modelo desarrollado en China ha dejado en ridículo a competidores como OpenAI o Google y se perfil… [+3758 chars]
20,,VentureBeat,Carl Franzen,"Calm down: DeepSeek-R1 is great, but ChatGPT’s product advantage is far from over","For now, ChatGPT remains the better-rounded and more capable product, offering a suite of features that DeepSeek simply cannot match.",https://venturebeat.com/ai/calm-down-deepseek-r1-is-great-but-chatgpts-product-advantage-is-far-from-over/,https://venturebeat.com/wp-content/uploads/2025/01/robot-drinking-scotch.png?w=1024?w=1200&strip=all,2025-01-27 19:24:15+00:00,"Join our daily and weekly newsletters for the latest updates and exclusive content on industry-leading AI coverage. Learn More
Just a week ago on January 20, 2025 Chinese AI startup DeepSeek unleash… [+8137 chars]"
21,,Hipertextual,Luis Miranda,DeepSeek vs. ChatGPT: ¿cuál es mejor?,"DeepSeek es la nueva IA de moda que llega a competir contra OpenAI, Google y otras empresas tecnológicas. Si bien la atención se ha centrado en su entrenamiento y la arquitectura que requiere menos poder de procesamiento, muchos usuarios se preguntan qué pued…",http://hipertextual.com/2025/01/deepseek-vs-chatgpt-cual-es-mejor-ia,https://i0.wp.com/imgs.hipertextual.com/wp-content/uploads/2025/01/chatgpt-vs-deepseek.jpg?fit=1920%2C1080&quality=70&strip=all&ssl=1,2025-01-27 21:30:00+00:00,"DeepSeek es la nueva IA de moda que llega a competir contra OpenAI, Google y otras empresas tecnológicas. Si bien la atención se ha centrado en su entrenamiento y la arquitectura que requiere menos p… [+5548 chars]"
22,,CNET,Samantha Kelly,DeepSeek Strikes Again With AI Image Generator Janus-Pro,That was fast. The Chinese startup's latest AI model takes on image generation.,https://www.cnet.com/tech/services-and-software/deepseek-strikes-again-with-ai-image-generator-janus-pro/,https://www.cnet.com/a/img/resize/1b64d9d9f50d328e083ed855a9094a163444a55d/hub/2025/01/28/998df23b-135e-421d-954b-258e8e1548a3/gettyimages-1315665289.jpg?auto=webp&fit=crop&height=675&width=1200,2025-01-28 15:32:00+00:00,"Fresh off the viral success of its new AI model over the weekend, DeepSeek is already back with another launch – this time focusing on AI image generation.
The Chinese startup has released an image-… [+2057 chars]"
23,business-insider,Business Insider,Alistair Barr,This DeepSeek demo shows how good the Chinese AI model is at math and reasoning,DeepSeek models match or beat some of Silicon Valley's top offerings. BI put the Chinese contender through its paces with a challenging math problem.,https://www.businessinsider.com/deepseek-demo-chinese-ai-model-math-reasoning-2025-1,https://i.insider.com/679711efeb4be2fff9a22eef?width=1200&format=jpeg,2025-01-27 15:22:35+00:00,"The DeepSeek app is shown on a smartphone in Suqian, Jiangsu, China.CFOTO/Future Publishing via Getty Images
<ul><li>DeepSeek's AI models rival top Silicon Valley offerings, excelling in some comple… [+3021 chars]"
24,business-insider,Business Insider,Hasan Chowdhury,"Investors worry DeepSeek reduces AI chip demand, but there's a case for remaining bullish on Nvidia",China's DeepSeek has panicked investors in top AI stocks after it said its new model was built with less computing power than would be expected.,https://www.businessinsider.com/deepseek-compute-jevons-paradox-demand-market-ai-stocks-nvidia-chatgpt-2025-1,https://i.insider.com/6797b6b9eb4be2fff9a23acd?width=1200&format=jpeg,2025-01-28 08:00:02+00:00,"DeepSeek released a model last week that challenged OpenAI's offering at a lower price.Getty Images
<ul><li>Chinese startup DeepSeek triggered panic among investors in top AI companies like Nvidia.<… [+5535 chars]"
25,,Hipertextual,Luis Miranda,"¿Quién está detrás de DeepSeek, la IA china que tomó por sorpresa a OpenAI?","DeepSeek ha tomado por asalto el mundo y ya está generando pérdidas millonarias en empresas como OpenAI, NVIDIA y Microsoft. El modelo de lenguaje de origen chino deja en ridículo a otras IA como ChatGPT, superándolos no solo en rendimiento sino eficiencia. S…",http://hipertextual.com/2025/01/deepseek-ia-china-creador-openai-chatgpt,https://imgs.hipertextual.com/wp-content/uploads/2025/01/deepseek-ia.jpg,2025-01-27 18:55:00+00:00,"DeepSeek ha tomado por asalto el mundo y ya está generando pérdidas millonarias en empresas como OpenAI, NVIDIA y Microsoft. El modelo de lenguaje de origen chino deja en ridículo a otras IA como Cha… [+4843 chars]"
26,business-insider,Business Insider,Jordan Hart,"Apple is well-positioned as DeepSeek threatens AI giants, analysts say","Apple could benefit from China's DeepSeek, which appears to deliver cheaper AI models. Its competitors have already spent big on their own efforts.",https://www.businessinsider.com/apple-gains-deepseek-r1-disrupts-google-openai-cost-2025-1,https://i.insider.com/6797ae53eb4be2fff9a23785?width=1200&format=jpeg,2025-01-27 20:49:20+00:00,"Apple CEO Tim Cook poised to score a win with DeepSeek's R1 curveball.Chris Jackson/Getty Images
<ul><li>China's DeepSeek has roiled tech markets.</li><li>Apple's stock, however, rose on Monday whil… [+2932 chars]"
27,business-insider,Business Insider,"Theron Mohamed,Tom Carter",DeepSeek shocked the world — but cheap AI is straight out of China's disruption playbook,DeepSeek threatens to disrupt the AI sector in a similar fashion to the way Chinese companies have already upturned sectors such as EVs and mining.,https://www.businessinsider.com/deepseek-china-ai-chatbot-disruption-mining-ev-chatgpt-openai-nvidia-2025-1,https://i.insider.com/6798ec6f196626c409853f4a?width=1200&format=jpeg,2025-01-28 14:21:05+00:00,"The US-China Economic and Security Review Commission called for a ""Manhattan Project-like"" program to help build AGI.da-kuk/Getty Images
<ul><li>DeepSeek has sent shockwaves through the technology, … [+8868 chars]"
28,,Yahoo Entertainment,Julie Hyman,What is DeepSeek?,"DeepSeek, a Chinese artificial intelligence (AI) startup founded in 2023, is gaining attention following the January 20th release of its open-source R1 model...",https://finance.yahoo.com/video/deepseek-205942949.html,https://s.yimg.com/ny/api/res/1.2/gn8yydkYs8GpXP3CO6Xjaw--/YXBwaWQ9aGlnaGxhbmRlcjt3PTEyMDA7aD02NzY-/https://s.yimg.com/os/creatr-uploaded-images/2025-01/109f2930-dcf1-11ef-be8d-5f120c9939ee,2025-01-27 20:59:42+00:00,"DeepSeek, a Chinese artificial intelligence (AI) startup founded in 2023, is gaining attention following the January 20th release of its open-source R1 model, which rivals OpenAI's o1 model.
Market … [+591 chars]"
29,,Slashdot.org,msmash,Scale AI CEO Says China Has Quickly Caught the US With DeepSeek,"The U.S. may have led China in the AI race for the past decade, according to Alexandr Wang, CEO of Scale AI, but on Christmas Day, everything changed. From a report: Wang, whose company provides training data to key AI players including OpenAI, Google and Met…",https://news.slashdot.org/story/25/01/24/0049233/scale-ai-ceo-says-china-has-quickly-caught-the-us-with-deepseek,https://a.fsdn.com/sd/topics/usa_64.png,2025-01-24 12:00:00+00:00,"Wang, whose company provides training data to key AI players including OpenAI, Google and Meta , said Thursday at the World Economic Forum in Davos, Switzerland, that DeepSeek, the leading Chinese AI… [+842 chars]"
30,business-insider,Business Insider,Jordan Hart,"DeepSeek is going to be the biggest topic in tech earnings this week, analysts say","As US companies prepare for this earnings season, analysts say they should expect to be asked about AI spending following DeepSeek's launch.",https://www.businessinsider.com/deepseek-ai-big-topic-apple-meta-tech-earnings-spending-2025-1,https://i.insider.com/6798eb33196626c409853f06?width=1200&format=jpeg,2025-01-28 21:24:40+00:00,"DeepSeek is at the top of analysts' minds going into this earnings season.Greg Baker/ AFP via Getty Images
<ul><li>As US tech companies prep for earnings this week, there's one major topic on analys… [+3046 chars]"
31,,Hipertextual,Quelian Sanz,Cómo probar ahora mismo DeepSeek: la IA 100% gratuita que deja a ChatGPT en ridículo,"La IA del momento acaba de aterrizar en España y medio mundo poniendo todo patas arriba. DeepSeek fue anunciada hace unos pocos días y ya se ha convertido en una de las inteligencias artificiales referentes del panorama. No es para menos, pues la startup enca…",http://hipertextual.com/2025/01/como-probar-ahora-mismo-deepseek-la-ia-100-gratuita-que-deja-a-chatgpt-en-ridiculo,https://imgs.hipertextual.com/wp-content/uploads/2025/01/deepseek-4-scaled.jpg,2025-01-27 16:23:18+00:00,La IA del momento acaba de aterrizar en España y medio mundo poniendo todo patas arriba. DeepSeek fue anunciada hace unos pocos días y ya se ha convertido en una de las inteligencias artificiales ref… [+3365 chars]
32,,Hipertextual,Quelian Sanz,DeepSeek nos ha mentido a todos: la capacidad de su IA podría destrozar a la industria (aún más),"DeepSeek, la IA encargada de romper el mercado bursátil en medio mundo vuelve a la carga. Ya hemos hablado largo y tendido sobre ella, qué es, cómo se mide contra ChatGPT, quién la creó o cómo probarla de forma 100% gratuita. Ahora toca inmiscuirse en sus ade…",http://hipertextual.com/2025/01/deepseek-nos-ha-mentido-a-todos-la-capacidad-de-su-ia-podria-destrozar-a-la-industria-aun-mas,https://imgs.hipertextual.com/wp-content/uploads/2025/01/deepseek-5.jpg,2025-01-28 15:46:26+00:00,"DeepSeek, la IA encargada de romper el mercado bursátil en medio mundo vuelve a la carga. Ya hemos hablado largo y tendido sobre ella, qué es, cómo se mide contra ChatGPT, quién la creó o cómo probar… [+4493 chars]"
33,,VentureBeat,Michael Nuñez,"DeepSeek unleashes ‘Janus Pro 7B’ vision model amidst AI stock bloodbath, igniting fresh fears of Chinese tech dominance","DeepSeek's Janus Pro 7B vision AI model launch sends shockwaves through markets, triggering US tech stock sell-off and intensifying competition with Silicon Valley giants like OpenAI and Nvidia.",https://venturebeat.com/ai/deepseek-unleashes-janus-pro-7b-vision-model-amidst-ai-stock-bloodbath-igniting-fresh-fears-of-chinese-tech-dominance/,https://venturebeat.com/wp-content/uploads/2025/01/nuneybits_Vector_art_of_a_whale_made_of_computer_code_splashing_6369c831-9232-457b-908c-6fe320485e75.webp?w=853?w=1200&strip=all,2025-01-27 22:18:58+00:00,"Join our daily and weekly newsletters for the latest updates and exclusive content on industry-leading AI coverage. Learn More
DeepSeek, the fast-growing Chinese AI company, is shaking up global tec… [+6475 chars]"
34,,Hipertextual,Gabriel Erard,DeepSeek se lanza a la yugular de DALL-E y Stable Difussion con su propia IA para crear imágenes,"DeepSeek está aprovechando su momento de fama mundial para lanzar nuevas IA. En este caso, la startup china ha presentado una familia de modelos para crear imágenes llamada Janus Pro que puede superar a DALL-E 3 y Stable Difussion XL en benchmarks clave. Los …",http://hipertextual.com/2025/01/deepseek-lanza-janus-pro-su-ia-para-crear-imagenes-desde-texto,https://i0.wp.com/imgs.hipertextual.com/wp-content/uploads/2025/01/vackground-com-hp-tDqblBqE-unsplash-scaled.jpg?fit=2560%2C1707&quality=70&strip=all&ssl=1,2025-01-27 19:45:00+00:00,"DeepSeek está aprovechando su momento de fama mundial para lanzar nuevas IA. En este caso, la startup china ha presentado una familia de modelos para crear imágenes llamada Janus Pro que puede supera… [+2656 chars]"
35,business-insider,Business Insider,Brent D. Griffiths,What DeepSeek AI means for the future of TikTok-style bans,Few expect Donald Trump to ease Biden-era limitations on China's ability to get advanced chips in the wake of DeepSeek's success.,https://www.businessinsider.com/deepseek-ai-trump-us-response-export-controls-2025-1,https://i.insider.com/6798ddc8eb4be2fff9a25d34?width=1200&format=jpeg,2025-01-28 15:28:49+00:00,"The unexpected power of Chinese startup Deepseek's R1 AI model threw financial markets into chaos.Andy Wong/AP
<ul><li>DeepSeek rattled tech and financial industries with the unexpected power of its… [+7713 chars]"
36,,Hipertextual,Gabriel Erard,DeepSeek está enviando toda tu información a China: qué datos recopila y para qué los usa,"DeepSeek ha irrumpido con muchísima fuerza en el segmento de la inteligencia artificial, gracias a sus modelos gratuitos y de código abierto. Sin embargo, por estas horas ha comenzado a hablarse muchísimo sobre la gran cantidad de información que recopilan su…",http://hipertextual.com/2025/01/deepseek-esta-enviando-toda-tu-informacion-a-china,https://i0.wp.com/imgs.hipertextual.com/wp-content/uploads/2025/01/deepseek-2.jpg?fit=1926%2C1250&quality=70&strip=all&ssl=1,2025-01-28 18:15:00+00:00,"DeepSeek ha irrumpido con muchísima fuerza en el segmento de la inteligencia artificial, gracias a sus modelos gratuitos y de código abierto. Sin embargo, por estas horas ha comenzado a hablarse much… [+5057 chars]"
37,,Hackaday,Maya Posch,New Open Source DeepSeek V3 Language Model Making Waves,"In the world of large language models (LLMs) there tend to be relatively few upsets ever since OpenAI barged onto the scene with its transformer-based GPT models a few years ago, yet now it seems t…",https://hackaday.com/2025/01/27/new-open-source-deepseek-v3-language-model-making-waves/,https://hackaday.com/wp-content/uploads/2025/01/deepseek-v3_benchmark.png,2025-01-27 21:00:11+00:00,"In the world of large language models (LLMs) there tend to be relatively few upsets ever since OpenAI barged onto the scene with its transformer-based GPT models a few years ago, yet now it seems tha… [+973 chars]"
38,,Hipertextual,Luis Miranda,El efecto DeepSeek: Donald Trump amaga con imponer aranceles a los chips,"Donald Trump tiene planes de incrementar los aranceles a los chips fabricados en otros países. El presidente de Estados Unidos anunció que aumentará la tasa del 2,5% a una cifra mucho mayor. Las declaraciones se dan en el marco del lanzamiento de DeepSeek, la…",http://hipertextual.com/2025/01/deepseek-donald-trump-aranceles-chips-china,https://imgs.hipertextual.com/wp-content/uploads/2024/11/trump-scaled.jpg,2025-01-28 17:38:07+00:00,"Donald Trump tiene planes de incrementar los aranceles a los chips fabricados en otros países. El presidente de Estados Unidos anunció que aumentará la tasa del 2,5% a una cifra mucho mayor. Las decl… [+2908 chars]"
39,,Yahoo Entertainment,,What DeepSeek means for America's AI ambitions,,https://consent.yahoo.com/v2/collectConsent?sessionId=1_cc-session_1016f018-76f0-40da-bb21-478c400f3ab1,,2025-01-28 23:37:15+00:00,"If you click 'Accept all', we and our partners, including 239 who are part of the IAB Transparency &amp; Consent Framework, will also store and/or access information on a device (in other words, use … [+702 chars]"
40,,Yahoo Entertainment,Reuters,China's DeepSeek sets off AI market rout,SINGAPORE (Reuters) -Nasdaq futures slumped and technology shares slid in Japan on Monday as surging popularity of a Chinese discount artificial intelligence...,https://finance.yahoo.com/news/chinas-deepseek-sets-off-ai-071458375.html,https://media.zenfs.com/en/reuters-finance.com/e2f802a4d28f65fa03f577bb84b7004b,2025-01-27 07:14:58+00:00,SINGAPORE (Reuters) -Nasdaq futures slumped and technology shares slid in Japan on Monday as surging popularity of a Chinese discount artificial intelligence model wobbled investors' faith in the pro… [+2988 chars]
41,,Yahoo Entertainment,,China's DeepSeek sparks AI market rout,,https://consent.yahoo.com/v2/collectConsent?sessionId=1_cc-session_fbd29ffb-3df0-4d8f-bde8-7546a692017b,,2025-01-27 10:38:53+00:00,"If you click 'Accept all', we and our partners, including 239 who are part of the IAB Transparency &amp; Consent Framework, will also store and/or access information on a device (in other words, use … [+703 chars]"
42,,Hipertextual,Rubén Chicharro,"El CEO de OpenAI habla por primera vez sobre DeepSeek, la IA que destroza a ChatGPT","Sam Altman, CEO de OpenAI, no ha tardado en pronunciarse sobre la IA que amenaza no solo a su compañía y a ChatGPT, sino también a otros modelos de lenguaje de gran tamaño, como puede ser Gemini o Llama 3.1. El ejecutivo ha compartido su opinión en una public…",http://hipertextual.com/2025/01/el-ceo-de-open-ai-habla-por-primera-vez-sobre-deepseek,https://imgs.hipertextual.com/wp-content/uploads/2023/11/Sam-Altman-scaled.jpg,2025-01-28 14:54:27+00:00,"Sam Altman, CEO de OpenAI, no ha tardado en pronunciarse sobre la IA que amenaza no solo a su compañía y a ChatGPT, sino también a otros modelos de lenguaje de gran tamaño, como puede ser Gemini o Ll… [+2422 chars]"
43,,VentureBeat,Carl Franzen,Tech leaders respond to the rapid rise of DeepSeek,"Marc Andreessen, Yann LeCunn, and Mark Zuckerberg have all penned what appear to be responses to the Chinese open source model's ascent.",https://venturebeat.com/ai/tech-leaders-respond-to-the-rapid-rise-of-deepseek/,https://venturebeat.com/wp-content/uploads/2025/01/tech-leaders-eg.png?w=1024?w=1200&strip=all,2025-01-24 21:10:39+00:00,"Join our daily and weekly newsletters for the latest updates and exclusive content on industry-leading AI coverage. Learn More
If you hadnt heard, theres a new AI star in town: DeepSeek, the subsidi… [+4751 chars]"
44,,Hipertextual,Quelian Sanz,DeepSeek desata el caos en medio mundo: la nueva IA china mete miedo a EE.UU.,"DeepSeek no solo ha conseguido consolidarse como el nuevo mayor competidor de ChatGPT, la startup con sede en China ha protagonizado una de las caídas bursátiles más importantes de los últimos meses, haciendo que los futuros del Nasdaq caigan más de un 3% y q…",http://hipertextual.com/2025/01/deepseek-desata-el-caos-en-medio-mundo-la-nueva-ia-china-mete-miedo-a-ee-uu,https://imgs.hipertextual.com/wp-content/uploads/2025/01/deepseek-2.jpg,2025-01-27 14:14:30+00:00,"DeepSeek no solo ha conseguido consolidarse como el nuevo mayor competidor de ChatGPT, la startup con sede en China ha protagonizado una de las caídas bursátiles más importantes de los últimos meses,… [+2563 chars]"
45,,Yahoo Entertainment,Reuters Videos,DeepSeek hit by cyberattack as users flock to Chinese AI startup,"STORY: Chinese startup DeepSeek - whose new low-cost AI model rattled tech stocks Monday - suffered a large-scale cyberattack, causing it to temporarily...",https://www.yahoo.com/news/deepseek-hit-cyberattack-users-flock-191515902.html,https://media.zenfs.com/en/video.reutersnews.com/ca29acc240514c99c4bf1e03ab86da11,2025-01-27 19:15:15+00:00,"STORY: Chinese startup DeepSeek - whose new low-cost AI model rattled tech stocks Monday - suffered a large-scale cyberattack, causing it to temporarily limit registrations.
Earlier in the day, Deep… [+1605 chars]"
46,,Yahoo Entertainment,Dina Bass and Shirin Ghaffary,Microsoft Probing If DeepSeek-Linked Group Improperly Obtained OpenAI Data,(Bloomberg) -- Microsoft Corp. and OpenAI are investigating whether data output from OpenAI’s technology was obtained in an unauthorized manner by a group...,https://www.yahoo.com/news/microsoft-probing-deepseek-linked-group-025844721.html,https://s.yimg.com/ny/api/res/1.2/y9qJWaRCN_tWABeT78AU9A--/YXBwaWQ9aGlnaGxhbmRlcjt3PTEyMDA7aD04MDI-/https://media.zenfs.com/en/bloomberg_technology_68/6b92d7250fef451c25b05673fbc5b142,2025-01-29 02:58:44+00:00,(Bloomberg) -- Microsoft Corp. and OpenAI are investigating whether data output from OpenAIs technology was obtained in an unauthorized manner by a group linked to Chinese artificial intelligence sta… [+3041 chars]
47,the-next-web,The Next Web,Thomas Macaulay,DeepSeek proves AI innovation isn’t ‘dictated’ by Silicon Valley,"DeepSeek proves that Silicon Valley can’t monopolise AI innovation, according to a European AI entrepreneur. Muj Choudhury, the CEO and co-founder of British voice processing startup RocketPhone, welcomed DeepSeek’s rapid rise. He hopes the Chinese company si…",https://thenextweb.com/news/deepseek-proves-ai-innovation-isnt-dictated-by-silicon-valley,https://img-cdn.tnwcdn.com/image/tnw-blurple?filter_last=1&fit=1280%2C640&url=https%3A%2F%2Fcdn0.tnwcdn.com%2Fwp-content%2Fblogs.dir%2F1%2Ffiles%2F2025%2F01%2FUntitled-design-16.jpg&signature=0eac6dcf7cf0de395c07015774be0416,2025-01-28 15:38:43+00:00,"DeepSeek proves that Silicon Valley cant monopolise AI innovation, according to a European AI entrepreneur.
Muj Choudhury, the CEO and co-founder of British voice processing startup RocketPhone, wel… [+1735 chars]"
48,,Xataka.com,Javier Pastor,Sabíamos que las Big Tech de EEUU tenían un problema con los costes de sus IA. DeepSeek acaba de mostrar hasta qué punto,"DeepSeek es la nueva niña bonita de la IA. Esta familia de modelos, desarrollados por un laboratorio de I+D chino del mismo nombre, ha logrado lo que parecía imposible: competir con los modelos de OpenAI o Meta y hacerlo, según ellos, con un coste mucho menor…",https://www.xataka.com/robotica-e-ia/ia-china-deepseek-35-veces-barata-que-openai-tsunami-para-industria,https://i.blogs.es/aa3d6a/deep5/840_560.jpeg,2025-01-27 11:45:13+00:00,"DeepSeek es la nueva niña bonita de la IA. Esta familia de modelos, desarrollados por un laboratorio de I+D chino del mismo nombre, ha logrado lo que parecía imposible: competir con los modelos de Op… [+3281 chars]"
49,abc-news,ABC News,Max Zahn,"Nvidia, Microsoft shares tumble amid rise of China-based AI DeepSeek",DeepSeek chatbot tops Apple's app-store charts.,https://abcnews.go.com/Business/nvidia-microsoft-shares-tumble-china-based-ai-app/story?id=118136157,https://i.abcnewsfe.com/a/79081b25-7eeb-4fdf-9b6f-709d4ab48eda/nyse-nvidia-1-gty-jm-250127_1737990400742_hpMain_16x9.jpg?w=1600,2025-01-27 15:43:45+00:00,"The emergence of China-based AI app DeepSeek sent shares plummeting on Monday for many U.S. tech giants, including chipmaker Nvidia and AI-backer Microsoft.
Nvidia, which helped catapult market wide… [+1947 chars]"
50,the-next-web,The Next Web,The Conversation,DeepSeek: China’s gamechanging AI system has big implications for UK tech development,"DeepSeek sent ripples through the global tech landscape this week as it soared above ChatGPT in Apple’s app store. The meteoric rise has shifted the dynamics of US-China tech competition, shocked global tech stock valuations, and reshaped the future direction…",https://thenextweb.com/news/deepseek-chinas-ai-system-implications-uk-tech-development,https://img-cdn.tnwcdn.com/image/tnw-blurple?filter_last=1&fit=1280%2C640&url=https%3A%2F%2Fcdn0.tnwcdn.com%2Fwp-content%2Fblogs.dir%2F1%2Ffiles%2F2025%2F01%2FUntitled-design-4.jpg&signature=d6edd5119c569a204701671ef4e368d4,2025-01-28 21:48:09+00:00,"DeepSeek sent ripples through the global tech landscape this week as it soared above ChatGPT in Apples app store. The meteoric rise has shifted the dynamics of US-China tech competition, shocked glob… [+5839 chars]"
51,,Slashdot.org,msmash,"Nvidia Dismisses China AI Threat, Says DeepSeek Still Needs Its Chips","Nvidia has responded to the market panic over Chinese AI group DeepSeek, arguing that the startup's breakthrough still requires ""significant numbers of NVIDIA GPUs"" for its operation. The US chipmaker, which saw more than $600 billion wiped from its market va…",https://slashdot.org/story/25/01/27/1935207/nvidia-dismisses-china-ai-threat-says-deepseek-still-needs-its-chips,https://a.fsdn.com/sd/topics/ai_64.png,2025-01-27 19:34:00+00:00,"Nvidia has responded to the market panic over Chinese AI group DeepSeek, arguing that the startup's breakthrough still requires ""significant numbers of NVIDIA GPUs"" for its operation. The US chipmake… [+1465 chars]"
52,,Slashdot.org,msmash,"DeepSeek Has Spent Over $500 Million on Nvidia Chips Despite Low-Cost AI Claims, SemiAnalysis Says","Nvidia shares plunged 17% on Monday, wiping nearly $600 billion from its market value, after Chinese AI firm DeepSeek's breakthrough, but analysts are questioning the cost narrative. DeepSeek said to have trained its December V3 model for $5.6 million, but ch…",https://tech.slashdot.org/story/25/01/28/1315215/deepseek-has-spent-over-500-million-on-nvidia-chips-despite-low-cost-ai-claims-semianalysis-says,https://a.fsdn.com/sd/topics/ai_64.png,2025-01-28 14:00:00+00:00,"Or maybe they were hedging their bets and bought a load of them, but then managed to reduce the cost and sold/rented them to other companies?
Or maybe the analysis is just wrong.
In any case, other… [+237 chars]"
53,,Github.com,deepseek-ai,DeepSeek-R1,Contribute to deepseek-ai/DeepSeek-R1 development by creating an account on GitHub.,https://github.com/deepseek-ai/DeepSeek-R1,https://opengraph.githubassets.com/668de43bcfca29765f3867b86a7b74390399cf708c3e4a1affec9ea9fe0f041b/deepseek-ai/DeepSeek-R1,2025-01-20 12:37:58+00:00,"Paper Link
We introduce our first-generation reasoning models, DeepSeek-R1-Zero and DeepSeek-R1.
DeepSeek-R1-Zero, a model trained via large-scale reinforcement learning (RL) without supervised fin… [+9949 chars]"
54,,Arxiv.org,,DeepSeek-R1: Incentivizing Reasoning Capability in LLMs via RL,"We introduce our first-generation reasoning models, DeepSeek-R1-Zero and DeepSeek-R1. DeepSeek-R1-Zero, a model trained via large-scale reinforcement learning (RL) without supervised fine-tuning (SFT) as a preliminary step, demonstrates remarkable reasoning c…",https://arxiv.org/abs/2501.12948,https://arxiv.org/static/browse/0.3.4/images/arxiv-logo-fb.png,2025-01-25 18:39:49+00:00,"arXivLabs is a framework that allows collaborators to develop and share new arXiv features directly on our website.
Both individuals and organizations that work with arXivLabs have embraced and acce… [+257 chars]"
55,,Xataka.com,Javier Pastor,La polémica de los 5 millones de dólares: el debate sobre cuánto le ha costado a DeepSeek realmente su IA,"5,576 millones de dólares. Eso es lo que los creadores de DeepSeek V3 afirman que se gastaron en el entrenamiento completo de este sorprendente modelo de IA. Lo dejan claro en su informe técnico oficial, que nos habla de cómo usaron 2,788 millones de horas de…",https://www.xataka.com/robotica-e-ia/polemica-5-millones-dolares-debate-cuanto-le-ha-costado-a-deepseek-realmente-su-ia,https://i.blogs.es/9a94ed/deepseek-datacenter/840_560.jpeg,2025-01-28 19:01:12+00:00,"5,576 millones de dólares. Eso es lo que los creadores de DeepSeek V3 afirman que se gastaron en el entrenamiento completo de este sorprendente modelo de IA. Lo dejan claro en su informe técnico ofic… [+4751 chars]"
56,,Xataka.com,Javier Marquez,DeepSeek dice que ha sufrido un ciberataque: la compañía rival de OpenAI está tomando medidas para abordar el problema,"La última innovación en el campo de la inteligencia artificial (IA) llega desde China y se llama DeepSeek. Este chatbot, que compite directamente con ChatGPT de OpenAI, ha ganado una notable popularidad en las últimas horas. Muchos usuarios destacan sus capac…",https://www.xataka.com/robotica-e-ia/deepseek-dice-que-ha-sufrido-ciberataque-compania-rival-openai-esta-tomando-medidas-para-abordar-problema,https://i.blogs.es/6652e7/deepseek-chat/840_560.jpeg,2025-01-27 16:57:00+00:00,"La última innovación en el campo de la inteligencia artificial (IA) llega desde China y se llama DeepSeek. Este chatbot, que compite directamente con ChatGPT de OpenAI, ha ganado una notable populari… [+1066 chars]"
57,,Yahoo Entertainment,,"DeepSeek founder meets Chinese Premier, locals proud of tech",,https://consent.yahoo.com/v2/collectConsent?sessionId=1_cc-session_277a00f1-5a01-40b7-80c5-d0e76119917f,,2025-01-28 11:14:58+00:00,"If you click 'Accept all', we and our partners, including 239 who are part of the IAB Transparency &amp; Consent Framework, will also store and/or access information on a device (in other words, use … [+702 chars]"
58,time,Time,Philip Elliott,"Future of DeepSeek, Like TikTok, May Come Down to Trump’s Whims","DeepSeek has the potential to shape the views of its users, much like TikTok, which Congress banned in a law Trump isn't enforcing.",https://time.com/7210569/deepseek-ai-trump/,https://api.time.com/wp-content/uploads/2025/01/GettyImages-2194584986.jpg?quality=85&w=1024&h=628&crop=1,2025-01-28 19:16:00+00:00,"This article is part of The D.C. Brief, TIMEs politics newsletter. Sign up here to get stories like this sent to your inbox.
Stop me if youve heard this one: a tech tool owned by a foreign adversary… [+8245 chars]"
59,,Yahoo Entertainment,Josh Lipton,Investors more 'selective' after DeepSeek sparked tech sell-off,"The emergence of Chinese startup DeepSeek's artificial intelligence (AI) model rattled US stock markets on Monday, triggering a broad sell-off across the...",https://finance.yahoo.com/video/investors-more-selective-deepseek-sparked-222825586.html,https://s.yimg.com/ny/api/res/1.2/f8FLWPeXRGW2xjtW9mIJtA--/YXBwaWQ9aGlnaGxhbmRlcjt3PTEyMDA7aD02NzY-/https://s.yimg.com/os/creatr-uploaded-images/2025-01/8af46b50-ddc3-11ef-bfbd-9a5c905f7349,2025-01-28 22:28:25+00:00,"The emergence of Chinese startup DeepSeek's artificial intelligence (AI) model rattled US stock markets on Monday, triggering a broad sell-off across the technology sector. Stocktwits editor-in-chief… [+839 chars]"
60,,Yahoo Entertainment,Seana Smith,Does China's DeepSeek derail Big Tech earnings? Not exactly.,"Chinese artificial intelligence startup DeepSeek's new AI model sparks worries about global AI competition, sending US stocks (^DJI,^GSPC, ^IXIC) sharply...",https://finance.yahoo.com/video/does-chinas-deepseek-derail-big-162853808.html,https://s.yimg.com/ny/api/res/1.2/VMXoMDm3uuFgBWUFyGIVdQ--/YXBwaWQ9aGlnaGxhbmRlcjt3PTEyMDA7aD02NzU-/https://s.yimg.com/os/creatr-uploaded-images/2025-01/0ec90da0-dcc5-11ef-b6ff-0e8091f1af08,2025-01-27 16:28:53+00:00,"Chinese artificial intelligence startup DeepSeek's new AI model sparks worries about global AI competition, sending US stocks (^DJI,^GSPC, ^IXIC) sharply lower on Monday. Chipmakers Nvidia (NVDA) and… [+1817 chars]"
61,,Yahoo Entertainment,,Nvidia heads for record sell-off on China's DeepSeek worries,,https://consent.yahoo.com/v2/collectConsent?sessionId=1_cc-session_69a16b81-e326-4168-b09e-5aa7c64b703d,,2025-01-27 14:56:11+00:00,"If you click 'Accept all', we and our partners, including 239 who are part of the IAB Transparency &amp; Consent Framework, will also store and/or access information on a device (in other words, use … [+703 chars]"
62,,Xataka.com,Yúbal Fernández,"Cómo instalar DeepSeek para usarlo de forma local en tu ordenador Windows, macOS o GNU/Linux","Vamos a explicarte cómo instalar DeepSeek en tu ordenador, para poder utilizarlo cuando quieras. Hay varias maneras de hacerlo, pero nosotros vamos a intentar recurrir a una de las más sencillas que sean posibles, y que funcione tanto con Windows como con mac…",https://www.xataka.com/basics/como-instalar-deepseek-para-usarlo-forma-local-tu-ordenador-windows-macos-gnu-linux,https://i.blogs.es/b26ff4/deepseek-comando/840_560.jpeg,2025-01-28 10:59:18+00:00,"Vamos a explicarte cómo instalar DeepSeek en tu ordenador, para poder utilizarlo cuando quieras. Hay varias maneras de hacerlo, pero nosotros vamos a intentar recurrir a una de las más sencillas que … [+3942 chars]"
63,,Xataka.com,Javier Marquez,Ahora la competencia por superar a DeepSeek también se libra en la propia China: Alibaba acaba de anunciar Qwen2.5-Max,"Días de vértigo en el mundo de la inteligencia artificial (IA). Cuando parecía que los gigantes tecnológicos estadounidenses no tenían rival capaz de hacerles sombra, DeepSeek causó un auténtico terremoto. El excelente desempeño de sus últimos modelos de leng…",https://www.xataka.com/robotica-e-ia/ahora-competencia-superar-a-deepseek-tambien-se-libra-propia-china-alibaba-acaba-anunciar-qwen2-5-max,https://i.blogs.es/66949d/qwen2.5-maxportada/840_560.png,2025-01-28 20:32:00+00:00,"Días de vértigo en el mundo de la inteligencia artificial (IA). Cuando parecía que los gigantes tecnológicos estadounidenses no tenían rival capaz de hacerles sombra, DeepSeek causó un auténtico terr… [+3509 chars]"
64,,Xataka.com,Yúbal Fernández,Historial de DeepSeek: cómo ver o borrar todo lo que le has preguntado a la inteligencia artificial,"Vamos a explicarte cómo gestionar tu historial de uso de DeepSeek, el chat de inteligencia artificial chino. De esta manera, puedes volver a visitar tus conversaciones pasadas con la IA para volver a ver una respuesta que te hubiera dado y te gustase, o simpl…",https://www.xataka.com/basics/historial-deepseek-como-ver-borrar-todo-que-le-has-preguntado-a-inteligencia-artificial,https://i.blogs.es/891615/deepseek/840_560.jpeg,2025-01-27 14:46:58+00:00,"Vamos a explicarte cómo gestionar tu historial de uso de DeepSeek, el chat de inteligencia artificial chino. De esta manera, puedes volver a visitar tus conversaciones pasadas con la IA para volver a… [+2053 chars]"
65,,Xataka.com,Javier Marquez,DeepSeek es el modelo IA de moda. El problema es que nadie sabe muy bien qué está haciendo con nuestros datos,"Si eres usuario de ChatGPT, es probable que en la última semana hayas probado DeepSeek. El chatbot de IA chino es tan prometedor que se ha convertido en una seria amenaza para muchos de los gigantes tecnológicos estadounidenses. No solo se trata de una propue…",https://www.xataka.com/robotica-e-ia/deepseek-modelo-ia-moda-problema-que-nadie-sabe-muy-bien-que-esta-haciendo-nuestros-datos,https://i.blogs.es/4c3c9a/deepseek-portada/840_560.jpeg,2025-01-28 08:01:13+00:00,"Si eres usuario de ChatGPT, es probable que en la última semana hayas probado DeepSeek. El chatbot de IA chino es tan prometedor que se ha convertido en una seria amenaza para muchos de los gigantes … [+8614 chars]"
66,,Xataka.com,Javier Pastor,"DeepSeek hace lo mismo que los modelos más avanzados de OpenAI con mucho menos recursos. La clave: ""reinforcement learning""",El mundo entero está preguntándose cómo es posible que los modelos de IA de DeepSeek se hayan convertido de la noche a la mañana en los grandes protagonistas de la actualidad en el ámbito de la inteligencia artificial. La respuesta es relativamente sencilla. …,https://www.xataka.com/robotica-e-ia/deepseek-hace-modelos-avanzados-openai-mucho-recursos-clave-reinforcement-learning,https://i.blogs.es/4e773e/deepseek-1/840_560.jpeg,2025-01-28 14:31:12+00:00,El mundo entero está preguntándose cómo es posible que los modelos de IA de DeepSeek se hayan convertido de la noche a la mañana en los grandes protagonistas de la actualidad en el ámbito de la intel… [+8772 chars]
67,,Xataka.com,Javier Lacort,"No son los modelos IA, es lo que construyes con ellos: la revolución silenciosa de DeepSeek","El lanzamiento del modelo DeepSeek-R1 ha marcado un punto de inflexión en la industria de la IA, al demostrar que es posible desarrollar modelos de lenguaje de alto rendimiento a una fracción del coste de los líderes actuales... y en código abierto.
<!-- BREA…",https://www.xataka.com/robotica-e-ia/no-modelos-ia-que-construyes-ellos-revolucion-silenciosa-deepseek,https://i.blogs.es/3abe86/deepseek-r1-d/840_560.jpeg,2025-01-28 09:31:12+00:00,"El lanzamiento del modelo DeepSeek-R1 ha marcado un punto de inflexión en la industria de la IA, al demostrar que es posible desarrollar modelos de lenguaje de alto rendimiento a una fracción del cos… [+2550 chars]"
68,,Xataka.com,Javier Lacort,DeepSeek R1 no es solo otro modelo de IA: es la mayor amenaza existencial que ha enfrentado Silicon Valley,"Apenas han pasado cinco días desde su lanzamiento, pero DeepSeek R1 ha provocado un terremoto en los mercados (-6.5% NVIDIA, -3.5% Microsoft, -8% ASML) que va más allá de su eficiencia técnica.
<!-- BREAK 1 -->
La verdadera amenaza para la industria estadouni…",https://www.xataka.com/robotica-e-ia/deepseek-r1-no-es-solo-otro-modelo-de-ia-es-la-mayor-amenaza-existencial-que-ha-enfrentado-silicon-valley,https://i.blogs.es/279ef0/deepseek/840_560.jpeg,2025-01-27 11:15:17+00:00,"Apenas han pasado cinco días desde su lanzamiento, pero DeepSeek R1 ha provocado un terremoto en los mercados (-6.5% NVIDIA, -3.5% Microsoft, -8% ASML) que va más allá de su eficiencia técnica.
La v… [+3860 chars]"
69,,Xataka.com,Javier Lacort,La siguiente fase de la IA no es ver quién invierte más sino quién invierte menos,"El agujero que el hype DeepSeek ha provocado en la valoración de NVIDIA (medio billón de dólares y subiendo) es algo más profundo que un simple ajuste de mercado: es el fin de una era en la industria de la IA.
<!-- BREAK 1 -->
El éxito ya no se podrá medir en…",https://www.xataka.com/robotica-e-ia/siguiente-fase-ia-no-ver-quien-invierte-sino-quien-invierte,https://i.blogs.es/bdd776/r1/840_560.jpeg,2025-01-28 14:15:18+00:00,El agujero que el hype DeepSeek ha provocado en la valoración de NVIDIA (medio billón de dólares y subiendo) es algo más profundo que un simple ajuste de mercado: es el fin de una era en la industria… [+3478 chars]
70,,The Atlantic,Matteo Wong,China’s DeepSeek Surprise,What to make of China’s suddenly popular new AI model.,https://www.theatlantic.com/technology/archive/2025/01/deepseek-china-ai/681481/,https://cdn.theatlantic.com/thumbor/mkYdRxmk7_MZt6-Oa9xL_Lcz5ZM=/0x43:2000x1085/1200x625/media/img/mt/2025/01/25_1_27_wong_deepseek_final_2/original.jpg,2025-01-27 21:06:00+00:00,"One week ago, a new and formidable challenger for OpenAI’s throne emerged. A Chinese AI start-up, DeepSeek, launched a model that appeared to match the most powerful version of ChatGPT—but, at least … [+7665 chars]"
71,,Xataka.com,Javier Pastor,"He probado DeepSeek en la web y en mi Mac. ChatGPT, Claude y Gemini tienen un problemón","Parecía casi imposible que modelos llegados de China pudieran competir con modelos de las Big Tech o las mejores startups de IA de EEUU. Y sin embargo, ha pasado. Lo han demostrado los modelos de DeepSeek que han sido lanzados en las últimas semanas y que est…",https://www.xataka.com/robotica-e-ia/he-probado-deepseek-v3-chat-deepseek-r1-razonamiento-openai-google-meta-tienen-aqui-rivales-formidables,https://i.blogs.es/7f6941/6/840_560.jpeg,2025-01-28 12:01:13+00:00,"Parecía casi imposible que modelos llegados de China pudieran competir con modelos de las Big Tech o las mejores startups de IA de EEUU. Y sin embargo, ha pasado. Lo han demostrado los modelos de Dee… [+12741 chars]"
72,business-insider,Business Insider,Alistair Barr,Google DeepMind researchers think they found a solution to AI's 'peak data' problem,There's not enough human-generated data to keep AI models improving at the same rate. 2025 will put a new solution to the test.,https://www.businessinsider.com/ai-peak-data-google-deepmind-researchers-solution-test-time-compute-2025-1,https://i.insider.com/67771f859de00e389eb4322d?width=1024&format=jpeg,2025-01-05 10:11:01+00:00,"OpenAI CEO Sam Altman and cofounder Ilya Sutskever (right).Jack Guez/AFP via Getty Images
<ul><li>The AI industry has hit ""peak data,"" OpenAI cofounder Ilya Sutskever said recently.</li><li>DeepMind… [+6205 chars]"
73,,Gizmodo.com,Matthew Gault,Quartz’s New AI Slop Is Regurgitated AI Slop,"The business website's AI writers are scraping information from other AI writers, enabling a loop of generated garbage.",https://gizmodo.com/quartzs-new-ai-slop-is-regurgitated-ai-slop-2000555973,https://gizmodo.com/app/uploads/2025/01/AutomatedWriter.jpg,2025-01-28 20:00:48+00:00,"The Quartz Intelligence Newsroom, a generative AI writer, has churned out 20 stories today so far. To do this it digests the news from a wide range of sources, including local news affiliates, Reuter… [+3079 chars]"
74,,Substack.com,Stephanie Kelton,The Impact of 25% Tariffs on Canadian GDP,The Bank of Canada vs Deepseek,https://stephaniekelton.substack.com/p/the-impact-of-25-tariffs-on-canadian,"https://substackcdn.com/image/fetch/w_1200,h_600,c_fill,f_jpg,q_auto:good,fl_progressive:steep,g_auto/https%3A%2F%2Fsubstack-post-media.s3.amazonaws.com%2Fpublic%2Fimages%2Fcca92d1e-504c-423a-991f-6235fd7ab03c_702x590.png",2025-01-28 00:45:50+00:00,"The world has awakened to the power of Deepseek, the rival to OpenAIs Model o1 that has tech stocks reeling. I played around with Deepseek for a couple of hours yesterday, and I talked with a number … [+16152 chars]"
75,,Xataka.com,Yúbal Fernández,"DeepSeek: qué es, cómo funciona y qué opciones tiene esta inteligencia artificial","Vamos a explicarte qué es DeepSeek, el chat de inteligencia artificial creado por la empresa del mismo nombre. Se trata de una IA que a principios del 2025 está llamando mucho la atención, y que incluso en las tiendas móviles de aplicaciones ya conseguido sup…",https://www.xataka.com/basics/deepseek-que-como-funciona-que-opciones-tiene-esta-inteligencia-artificial,https://i.blogs.es/1d8daf/deepseek/840_560.jpeg,2025-01-27 10:24:33+00:00,"Vamos a explicarte qué es DeepSeek, el chat de inteligencia artificial creado por la empresa del mismo nombre. Se trata de una IA que a principios del 2025 está llamando mucho la atención, y que incl… [+8002 chars]"
76,,Slashdot.org,msmash,Meta Sets Up War Rooms To Analyze DeepSeek's Tech,"Meta has set up four war rooms to analyze DeepSeek's technology, including two focusing on how High-Flyer reduced training costs, and one on what data High-Flyer may have used, The Information's Kalley Huang and Stephanie Palazzolo report. China's DeepSeek is…",https://tech.slashdot.org/story/25/01/27/1648226/meta-sets-up-war-rooms-to-analyze-deepseeks-tech,https://a.fsdn.com/sd/topics/facebook_64.png,2025-01-27 16:48:00+00:00,"They literally released an open paper about it [github.com], so, I mean, wow, much analysis.
Also, everyone copies everyone else's advancements while incorporating their own new ones. That's how the… [+121 chars]"
77,,Digital Trends,Monica J. White,How DeepSeek flipped the tech world on its head overnight,"DeepSeek, the new chatbot that seemingly dethroned ChatGPT, is all over the news. Here's everything that happened in the last 24 hours.",https://www.digitaltrends.com/computing/deepseek-news-roundup/,https://www.digitaltrends.com/wp-content/uploads/2025/01/deepseek.jpg?resize=1200%2C630&p=1,2025-01-28 17:11:16+00:00,"Table of Contents
Table of Contents
Nvidia gets hit by the rise of DeepSeek
President Trump: “A wake-up call”
Meta is scrambling for solutions
Elon Musk isn’t buying what DeepSeek is selling
Op… [+6308 chars]"
78,business-insider,Business Insider,Bradley Saacks,"'What happened with DeepSeek is actually super bullish': Point72 founder Steve Cohen on AI, Trump's impact, and giving up trading","Cohen, the owner of the New York Mets, spoke at a conference in Miami Tuesday.",https://www.businessinsider.com/steve-cohen-deepseek-ai-markets-trump-trading-2025-1,https://i.insider.com/6683d2151f0c1cd6d7308d7c?width=1200&format=jpeg,2025-01-28 22:27:37+00:00,"Steve Cohen's Point72 has a stand-alone fund focused on artificial intelligence.Jim McIsaac/Getty Images
<ul><li>Point72 founder and New York Mets owner Steve Cohen spoke at iConnections' Miami conf… [+2739 chars]"
79,business-insider,Business Insider,Bradley Saacks,"Who foresaw the DeepSeek-caused sell-off of Magnificent 7 stocks? Hedge funds, which have been cutting exposure for months","Managers like Mala Gaonkar's SurgoCap Partners sold out of big-name US tech companies before the tech sell off, filings show.",https://www.businessinsider.com/hedge-funds-tech-sell-off-deepseek-magnificant-7-stocks-2025-1,https://i.insider.com/6798f418196626c40985409a?width=1200&format=jpeg,2025-01-28 15:29:16+00:00,"Big-name US tech companies have slumped thanks to Chinese AI company DeepSeek.LIU JIN/AFP via Getty Images
<ul><li>The emergence of Chinese AI darling DeepSeek led to a sell-off of stocks like Nvidi… [+2650 chars]"
80,,Promptfoo.dev,,"1,156 Questions Censored by DeepSeek",DeepSeek-R1 is a blockbuster open-source model that is now at the top of the U.S. App Store.,https://www.promptfoo.dev/blog/deepseek-censorship,https://www.promptfoo.dev/img/blog/deepseek/deepseek_panda.png,2025-01-28 21:54:36+00:00,"DeepSeek-R1 is a blockbuster open-source model that is now at the top of the U.S. App Store.
As a Chinese company, DeepSeek is beholden to CCP policy. This is reflected even in the open-source model… [+6516 chars]"
81,,Indi.ca,indi.ca,How Communism Is Outcompeting Capitalism,The deeper history behind DeepSeek and Chinese EVs,https://indi.ca/how-communism-is-obviously-outcompeting-capitalism/,https://indi.ca/content/images/size/w1200/2025/01/Screenshot-2025-01-27-at-17.48.20-1.jpg,2025-01-28 06:05:20+00:00,"I asked DeepSeek for a rec on Chinese art and it suggested Along the River During the Qingming Festival. This is a 1736 version by Chen Mei, Sun Hu. Jin Kun, Dai Hong, and Cheng Zhidao. Set to Jasmin… [+19476 chars]"
82,,Xataka.com,Javier Lacort,"Tras poner del revés la industria IA, DeepSeek lanza su primer modelo que entiende y crea imágenes: Janus Pro","En plena resaca por su modelo R1, DeepSeek acaba de lanzar Janus Pro 7B, un modelo de IA para generar imágenes a partir de texto y entender otras imágenes que se le introduzcan. Y sí, también es de código abierto, aunque con un asterisco similar al de Llama.
…",https://www.xataka.com/robotica-e-ia/poner-reves-industria-ia-deepseek-lanza-su-primer-modelo-que-entiende-crea-imagenes-janus-pro,https://i.blogs.es/57ce70/mockuuups-microsoft-surface-laptop-mockup/840_560.jpeg,2025-01-27 17:24:27+00:00,"En plena resaca por su modelo R1, DeepSeek acaba de lanzar Janus Pro 7B, un modelo de IA para generar imágenes a partir de texto y entender otras imágenes que se le introduzcan. Y sí, también es de c… [+2761 chars]"
83,abc-news,ABC News,ABC News,WATCH: How China-based AI app DeepSeek works,"Cybersecurity expert Caitlin Sarian reacts to the China-based AI app, DeepSeek, topping Apple's app-store charts as well as sending U.S. tech stocks lower on Monday.",https://abcnews.go.com/International/video/china-based-ai-app-deepseek-works-118153948,https://i.abcnewsfe.com/a/fec5d36d-8e50-4524-a3af-c325ae48f2f9/250127_abcnl_3p_deepseek_hpMain_16x9.jpg?w=992,2025-01-27 21:43:38+00:00,"<ul><li>Secretary of Defense Pete Hegseth's first official day at the Pentagon
</li><li>Footage shows thousands of Palestinians returning home to northern Gaza
</li><li>ICE launches 'targeted opera… [+4287 chars]"
84,,9to5Mac,Ryan Christoffel,Three ways Apple is now benefiting from DeepSeek’s early AI success,"DeepSeek is quickly shaking up the state of AI in the US, but while several of Apple’s competitors deal with negative fallout, Apple is—for now at least—benefiting from DeepSeek in three ways.



 more…",https://9to5mac.com/2025/01/27/apple-benefiting-from-deepseeks-early-ai-success/,https://i0.wp.com/9to5mac.com/wp-content/uploads/sites/6/2025/01/deepseek-top-charts.jpg?resize=1200%2C628&quality=82&strip=all&ssl=1,2025-01-27 19:51:13+00:00,"DeepSeek is quickly shaking up the state of AI in the US, but while several of Apples competitors deal with negative fallout, Apple isfor now at leastbenefiting from DeepSeek in three ways.
Apple fo… [+2135 chars]"
85,,Xataka.com,Juan Carlos López,NVIDIA ha perdido 400.000 millones en valor de mercado. La puntilla se la ha dado la IA china DeepSeek,"Es la noticia del día. Y, quizá, de la semana. El modelo de inteligencia artificial (IA) chino de código abierto DeepSeek R1 está provocando un terremoto en las tecnológicas estadounidenses. Y lo está haciendo debido a su naturaleza abierta. No obstante, su m…",https://www.xataka.com/empresas-y-economia/nvidia-esta-a-punto-perder-350-000-millones-valor-mercado-puntilla-se-ha-dado-ia-china-deepseek,https://i.blogs.es/8457cd/nvidiab200-ap/840_560.jpeg,2025-01-27 14:52:00+00:00,"Es la noticia del día. Y, quizá, de la semana. El modelo de inteligencia artificial (IA) chino de código abierto DeepSeek R1 está provocando un terremoto en las tecnológicas estadounidenses. Y lo est… [+3985 chars]"
86,,Xataka.com,Javier Lacort,"China contraataca en la guerra de la IA: su nuevo modelo abierto iguala a Claude y GPT-4, y lo está regalando","El laboratorio chino DeepSeek ha lanzado R1, un modelo de IA especializado en razonamiento que alcanza o supera el rendimiento de los modelos más avanzados de OpenAI en pruebas clave de matemáticas y programación, según reporta TechCrunch.
<!-- BREAK 1 -->
Po…",https://www.xataka.com/robotica-e-ia/china-contraataca-guerra-ia-su-nuevo-modelo-abierto-iguala-a-claude-gpt-4-esta-regalando,https://i.blogs.es/f3b43e/r1/840_560.jpeg,2025-01-21 12:45:47+00:00,"El laboratorio chino DeepSeek ha lanzado R1, un modelo de IA especializado en razonamiento que alcanza o supera el rendimiento de los modelos más avanzados de OpenAI en pruebas clave de matemáticas y… [+2247 chars]"
87,,Qodo.ai,Itamar Friedman,"Announcing support for DeepSeek-R1 in our IDE plugin, self-hosted by Qodo",Read how DeepSeek-R1 compares to OpenAI o1 and other leading LLMs. See how R1 in action for code & test generation with R1 support added to Qodo Gen.,https://www.qodo.ai/blog/qodo-gen-adds-self-hosted-support-for-deepseek-r1/,https://www.qodo.ai/wp-content/uploads/2025/01/R1.png,2025-01-27 08:38:24+00:00,"Since the release of OpenAI o1 (and the impending release of o3), it has been regarded as the leading LLM with the ability to reason and reflect, bringing AI closer to System 2 thinking. While models… [+4275 chars]"
88,,Composio.dev,Sunil Kumar Dash,Notes on the New Deepseek v3,"In this blog we go thorough the new Deepseek v3 and compare it with GPT-4o and 3.5 Sonnet across reasoning, math, coding, & writing tasks.",https://composio.dev/blog/notes-on-new-deepseek-v3/,https://composio.dev/wp-content/uploads/2025/01/notes-on-deepseek-v3.png,2025-01-02 16:30:25+00:00,"Deepseek released their flagship model, v3, a 607B mixture-of-experts model with 37B active parameters. Currently, it is the best open-source model, beating Llama 3.1 405b, Qwen, and Mistral. It is o… [+13032 chars]"
89,,Yahoo Entertainment,,"What is DeepSeek, the Chinese AI tool topping app charts? | Morning in America",,https://consent.yahoo.com/v2/collectConsent?sessionId=1_cc-session_a356e6ca-058e-4c58-b760-1fe37fce6dc5,,2025-01-28 12:30:56+00:00,"If you click 'Accept all', we and our partners, including 239 who are part of the IAB Transparency &amp; Consent Framework, will also store and/or access information on a device (in other words, use … [+702 chars]"
90,,Genbeta.com,Bárbara Bécares,"El éxito de DeepSeek es una lección para millones de empresas: han apostado todo por la Generación Z, con poca experiencia","La reciente presentación de DeepSeek R1, una inteligencia artificial hecha en China revolucionó el mercado global. Deepseek ha hecho caer las acciones de Nvidia, una de las empresas líderes del sector de la IA y pudimos comprobar sus increíbles capacidades en…",https://www.genbeta.com/actualidad/exito-deepseek-leccion-para-millones-empresas-han-apostado-todo-generacion-z-poca-experiencia,https://i.blogs.es/41f487/1200_800-3-/840_560.jpeg,2025-01-28 16:08:18+00:00,"La reciente presentación de DeepSeek R1, una inteligencia artificial hecha en China revolucionó el mercado global. Deepseek ha hecho caer las acciones de Nvidia, una de las empresas líderes del secto… [+9399 chars]"
91,,9to5Mac,Zac Hall,"9to5Neural: DeepSeek explained, deep NVIDIA losses, AI privacy claim debunked",Welcome to 9to5Neural. AI moves fast. We help you keep up. Last week we mentioned that American AI firms are seeing deep competition from DeepSeek R1 out of China. Today DeepSeek’s impact has reached Wall Street as NVIDIA stock drops 17%. Let’s take a closer …,https://9to5mac.com/2025/01/27/9to5neural-deepseek-explained-deep-nvda-losses-ai-privacy-claim-debunked/,https://i0.wp.com/9to5mac.com/wp-content/uploads/sites/6/2025/01/neural.webp?resize=1200%2C628&quality=82&strip=all&ssl=1,2025-01-28 02:04:40+00:00,Welcome to 9to5Neural. AI moves fast. We help you keep up. Last week we mentioned that American AI firms are seeing deep competition from DeepSeek R1 out of China. Today DeepSeek’s impact has reached… [+7861 chars]
92,,Genbeta.com,Antonio Vallejo,Este modelo de IA chino ha puesto patas arriba a toda la industria por dos razones: es gratis y está al nivel de ChatGPT,Estados Unidos está realizando grandes esfuerzos en lo que respecta a mantener el liderato dentro del segmento de la inteligencia artificial generativa. El país cuenta con gigantes tecnológicos enfocados en lanzar al mercado modelos de lenguaje cada vez más p…,https://www.genbeta.com/actualidad/este-modelo-ia-chino-ha-puesto-patas-arriba-a-toda-industria-dos-razones-gratis-esta-al-nivel-chatgpt,https://i.blogs.es/8ae9f5/marvin-meyer-syto3xs06fu-unsplash-2/840_560.jpeg,2025-01-24 11:18:12+00:00,Estados Unidos está realizando grandes esfuerzos en lo que respecta a mantener el liderato dentro del segmento de la inteligencia artificial generativa. El país cuenta con gigantes tecnológicos enfoc… [+5928 chars]
93,time,Time,Zen Soo / AP,DeepSeek Has Rattled the AI Industry. Here’s a Look at Other Chinese AI Models,DeepSeek's R1 has rattled the AI industry. Here's a quick look at China's other leading AI models.,https://time.com/7210521/deepseek-chinese-ai-models/,https://api.time.com/wp-content/uploads/2025/01/GettyImages-2195806422.jpg?quality=85&w=1024&h=628&crop=1,2025-01-28 11:12:32+00:00,"HONG KONG The Chinese artificial intelligence firm DeepSeek has rattled markets with claims that its latest AI model, R1, performs on a par with those of OpenAI, despite using less advanced computer … [+3595 chars]"
94,,Genbeta.com,Marcos Merino,"Un jefe de OpenAI ve ""exagerada"" la repercusión de DeepSeek: ""han llegado de manera independiente a las mismas ideas que nosotros""","La irrupción de DeepSeek y su modelo DeepSeek R1 ha generado un terremoto en la industria de la IA. Este modelo chino de código abierto no solo ha captado la atención mediática, sino que también ha provocado un impacto significativo en los mercados, afectando…",https://www.genbeta.com/inteligencia-artificial/jefe-openai-ve-exagerada-repercusion-deepseek-han-llegado-manera-independiente-a-mismas-ideas-que-nosotros,https://i.blogs.es/683d41/9405b09a9b80579f281dfe0e4773dbb9/840_560.jpeg,2025-01-28 21:06:52+00:00,"La irrupción de DeepSeek y su modelo DeepSeek R1 ha generado un terremoto en la industria de la IA. Este modelo chino de código abierto no solo ha captado la atención mediática, sino que también ha p… [+3831 chars]"
95,,Genbeta.com,José Alberto Lizana,"DeepSeek: qué es, cómo funciona y todo lo que necesitas saber para usar esta inteligencia artificial","El modelo de inteligencia artificial DeepSeek, propiedad de la empresa del mismo nombre, ha despertado un gran interés entre los usuarios  y sin duda es uno de 'los temas' del principios de 2025 por su gran repercusión. Es tal que superó a ChatGPT en los prim…",https://www.genbeta.com/a-fondo/deepseek-que-como-funciona-todo-que-necesitas-saber-para-usar-esta-inteligencia-artificial,https://i.blogs.es/ea130b/deepseek-logo/840_560.jpeg,2025-01-27 13:11:40+00:00,"El modelo de inteligencia artificial DeepSeek, propiedad de la empresa del mismo nombre, ha despertado un gran interés entre los usuarios  y sin duda es uno de 'los temas' del principios de 2025 por … [+6312 chars]"
96,,heise online,Eva-Maria Weiß,Deepseek veröffentlicht multimodales Modell Janus-Pro,Noch mehr Konkurrenz für das Silicon Valley: Deepseek aus China kann auch mit Dall-E und Stable Diffusion mithalten.,https://www.heise.de/news/Deepseek-veroeffentlicht-multimodales-Modell-Janus-Pro-10258490.html,https://heise.cloudimg.io/bound/1200x1200/q85.png-lossy-85.webp-lossy-85.foil1/_www-heise-de_/imgs/18/4/7/8/8/5/3/4/Bildschirmfoto_2025-01-28_um_07.52.41-ab245ed19d0ae031.png,2025-01-28 07:06:00+00:00,"Das chinesische KI-Unternehmen Deepseek, das gerade die KI-Welt und Börse zum Wanken bringt, veröffentlicht nun auch noch einen Bildgenerator beziehungsweise ein neues Modell aus der multimodalen Mod… [+2009 chars]"
97,,Genbeta.com,José Alberto Lizana,Enfrentamos a DeepSeek contra ChatGPT: sorprende con sus resultados y nos hace dudar si merece pagar ChatGPT Plus,"Estamos viviendo un momento apabullante de la inteligencia artificial donde ya hay una gran competencia en el terreno entre diferentes empresas. Y también países. Pese a que nadie ponía en duda que ChatGPT lideraba en este campo, en los últimos días ha llegad…",https://www.genbeta.com/a-fondo/enfrentamos-a-deepseek-chatgpt-sorprende-sus-resultados-nos-hace-dudar-merece-pagar-chatgpt-plus,https://i.blogs.es/87cd61/comparativa-/840_560.jpeg,2025-01-27 11:32:19+00:00,Estamos viviendo un momento apabullante de la inteligencia artificial donde ya hay una gran competencia en el terreno entre diferentes empresas. Y también países. Pese a que nadie ponía en duda que C… [+8450 chars]
98,,Genbeta.com,José Alberto Lizana,"Si usas DeepSeek en su web o app, envías tus datos a China. Así puedes usar esta IA con más privacidad y menos censura",El tema del momento en el campo tecnológico sin duda es DeepSeek. Un chatbot de IA que llega directamente desde China que se ha enfrentado directamente a ChatGPT dando un resultado realmente bueno y con un mayor rendimiento. Algo que ha amenazado el dominio d…,https://www.genbeta.com/inteligencia-artificial/usas-deepseek-su-web-app-envias-tus-datos-a-china-asi-puedes-usar-esta-ia-privacidad-censura,https://i.blogs.es/312420/vitaly-gariev-vjq1fqqxgo8-unsplash/840_560.jpeg,2025-01-28 08:41:30+00:00,El tema del momento en el campo tecnológico sin duda es DeepSeek. Un chatbot de IA que llega directamente desde China que se ha enfrentado directamente a ChatGPT dando un resultado realmente bueno y … [+5631 chars]
